{
    "parent": "izzy_vault:gems/single_gem",
    "display": {
      "icon": {
        "item": "the_vault:gem_echo"
      },
      "title": {"text": "Infinity Gems"},
      "description": ["",{"text": "Gems sounds better than stones","italic": true},{"text": "\nFind yourself all the vault gems"}],
      "frame": "challenge"
    },
    "criteria": {
      "benitoite": {
        "trigger": "minecraft:inventory_changed",
        "conditions": {
          "items": [
            {
              "items": [
                "the_vault:gem_benitoite"
              ]
            }
          ]
        }
      },
      "larimar": {
        "trigger": "minecraft:inventory_changed",
        "conditions": {
          "items": [
            {
              "items": [
                "the_vault:gem_larimar"
              ]
            }
          ]
        }

      },
      "alexandrite": {
        "trigger": "minecraft:inventory_changed",
        "conditions": {
          "items": [
            {
              "items": [
                "the_vault:gem_alexandrite"
              ]
            }
          ]
        }
      },
      "wutodie": {
        "trigger": "minecraft:inventory_changed",
        "conditions": {
          "items": [
            {
              "items": [
                "the_vault:gem_wutodie"
              ]
            }
          ]
        }
      },
      "painite": {
        "trigger": "minecraft:inventory_changed",
        "conditions": {
          "items": [
            {
              "items": [
                "the_vault:gem_painite"
              ]
            }
          ]
        }
      },
      "black_opal": {
        "trigger": "minecraft:inventory_changed",
        "conditions": {
          "items": [
            {
              "items": [
                "the_vault:gem_black_opal"
              ]
            }
          ]
        }
      },
      "echo": {
        "trigger": "minecraft:inventory_changed",
        "conditions": {
          "items": [
            {
              "items": [
                "the_vault:gem_echo"
              ]
            }
          ]
        }
      },
      "iskallium": {
        "trigger": "minecraft:inventory_changed",
        "conditions": {
          "items": [
            {
              "items": [
                "the_vault:gem_iskallium"
              ]
            }
          ]
        }
      },
      "gorginite": {
        "trigger": "minecraft:inventory_changed",
        "conditions": {
          "items": [
            {
              "items": [
                "the_vault:gem_gorginite"
              ]
            }
          ]
        }
      },
      "sparkletine": {
        "trigger": "minecraft:inventory_changed",
        "conditions": {
          "items": [
            {
              "items": [
                "the_vault:gem_sparkletine"
              ]
            }
          ]
        }
      },
      "ashium": {
        "trigger": "minecraft:inventory_changed",
        "conditions": {
          "items": [
            {
              "items": [
                "the_vault:gem_ashium"
              ]
            }
          ]
        }
      },
      "bomignite": {
        "trigger": "minecraft:inventory_changed",
        "conditions": {
          "items": [
            {
              "items": [
                "the_vault:gem_bomignite"
              ]
            }
          ]
        }
      },
      "tubium": {
        "trigger": "minecraft:inventory_changed",
        "conditions": {
          "items": [
            {
              "items": [
                "the_vault:gem_tubium"
              ]
            }
          ]
        }
      },
      "upaline": {
        "trigger": "minecraft:inventory_changed",
        "conditions": {
          "items": [
            {
              "items": [
                "the_vault:gem_upaline"
              ]
            }
          ]
        }
      },
      "petzanite": {
        "trigger": "minecraft:inventory_changed",
        "conditions": {
          "items": [
            {
              "items": [
                "the_vault:gem_petzanite"
              ]
            }
          ]
        }
      },
      "xeenium": {
        "trigger": "minecraft:inventory_changed",
        "conditions": {
          "items": [
            {
              "items": [
                "the_vault:gem_xenium"
              ]
            }
          ]
        }
      }
    },
    "requirements": [
        ["benitoite"],
        ["larimar"],
        ["alexandrite"],
        ["wutodie"],
        ["painite"],
        ["black_opal"],
        ["echo"],
        ["iskallium"],
        ["gorginite"],
        ["sparkletine"],
        ["ashium"],
        ["bomignite"],
        ["tubium"],
        ["upaline"],
        ["petzanite"],
        ["xeenium"]
    ]
  }