{
    "parent": "izzy_vault:blocks/jewel_cutting_table",
    "display": {
      "icon": {
        "item": "the_vault:vault_jewel_application_station"
      },
      "title": {"text": "Inlaying Greatness"},
      "description": {"text": "Create a Jewel Application Station"}
    },
    "criteria": {
      "craft_item": {
        "trigger": "minecraft:inventory_changed",
        "conditions": {
          "items": [
            {
              "items": [
                "the_vault:vault_jewel_application_station"
              ]
            }
          ]
        }
      }
    }
  }