{
    "parent": "izzy_vault:items/vault_gear",
    "display": {
      "icon": {
        "item": "the_vault:vault_enchanter"
      },
      "title": {"text": "Bewitching"},
      "description": {"text": "Create a Vault Enchanter"}
    },
    "criteria": {
      "craft_item": {
        "trigger": "minecraft:inventory_changed",
        "conditions": {
          "items": [
            {
              "items": [
                "the_vault:vault_enchanter"
              ]
            }
          ]
       
        }
      }
    }
  }