{
  "parent": "izzy_vault:vault_crystal",  
  "display": {
      "title": {
        "text": "The Vault"
      },
      "description": ["",{"text": "Someone said there'd be music","italic": true},{"text": "\nEnter the strange rooms of the Vault"}],
      "icon": {
        "item": "the_vault:vault_bedrock"
      },
      "frame": "challenge",
      "show_toast": true,
      "announce_to_chat": true,
      "hidden": false
    },
    "criteria": {
        "entered_vault": {
            "trigger": "minecraft:enter_block",
            "conditions": {
              "block": "the_vault:vault_portal"
            }
        }
    }
}