{
  "parent": "izzy_vault:chromatic_iron",
  "display": {
    "icon": {
      "item": "the_vault:vault_rock"
    },
    "title": {"text": "Pristine Rock Stuff"},
    "description": {"text": "Get some Vault Rock from mining Vault Stone"}
  },
  "criteria": {
    "craft_vault_rock": {
      "trigger": "minecraft:inventory_changed",
      "conditions": {
        "items": [
          {
            "items": [
              "the_vault:vault_rock"
            ]
          }
        ]
      }
    }
  }
}