{
    "parent": "izzy_vault:soul/soul_plaque_1",
    "display": {
      "icon": {
        "item": "the_vault:soul_plaque",
        "nbt": "{CustomModelData:2}"
      },
      "title": {"text": "Soul Plaque - Level 2"},
      "description":{"text": "Recieve a Soul Plaque level 2 or above (3 completions or more)"},
      "announce_to_chat": false
    },
    "criteria": {
      "2": {
        "trigger": "minecraft:inventory_changed",
        "conditions": {
          "items": [
            {
              "items": [
                "the_vault:soul_plaque"
              ],
              "nbt": "{CustomModelData:2}"
            }
          ]
        }
      },
      "3": {
        "trigger": "minecraft:inventory_changed",
        "conditions": {
          "items": [
            {
              "items": [
                "the_vault:soul_plaque"
              ],
              "nbt": "{CustomModelData:3}"
            }
          ]
        }
      },
      "4": {
        "trigger": "minecraft:inventory_changed",
        "conditions": {
          "items": [
            {
              "items": [
                "the_vault:soul_plaque"
              ],
              "nbt": "{CustomModelData:4}"
            }
          ]
        }
      },
      "5": {
        "trigger": "minecraft:inventory_changed",
        "conditions": {
          "items": [
            {
              "items": [
                "the_vault:soul_plaque"
              ],
              "nbt": "{CustomModelData:5}"
            }
          ]
        }
      },
      "6": {
        "trigger": "minecraft:inventory_changed",
        "conditions": {
          "items": [
            {
              "items": [
                "the_vault:soul_plaque"
              ],
              "nbt": "{CustomModelData:6}"
            }
          ]
        }
      },
      "7": {
        "trigger": "minecraft:inventory_changed",
        "conditions": {
          "items": [
            {
              "items": [
                "the_vault:soul_plaque"
              ],
              "nbt": "{CustomModelData:7}"
            }
          ]
        }
      },
      "8": {
        "trigger": "minecraft:inventory_changed",
        "conditions": {
          "items": [
            {
              "items": [
                "the_vault:soul_plaque"
              ],
              "nbt": "{CustomModelData:8}"
            }
          ]
        }
      }
    },
    "requirements": [
        ["2","3","4","5","6","7","8"]
    ]
  }