{
    "parent": "izzy_vault:soul/soul_plaque_6",
    "display": {
      "icon": {
        "item": "the_vault:soul_plaque",
        "nbt": "{CustomModelData:7}"
      },
      "title": {"text": "Soul Plaque - Level 7"},
      "description":{"text": "Recieve a Soul Plaque level 7 or above (30 completions or more)"},
      "announce_to_chat": false,
      "frame": "goal"
    },
    "criteria": {
      "7": {
        "trigger": "minecraft:inventory_changed",
        "conditions": {
          "items": [
            {
              "items": [
                "the_vault:soul_plaque"
              ],
              "nbt": "{CustomModelData:7}"
            }
          ]
        }
      },
      "8": {
        "trigger": "minecraft:inventory_changed",
        "conditions": {
          "items": [
            {
              "items": [
                "the_vault:soul_plaque"
              ],
              "nbt": "{CustomModelData:8}"
            }
          ]
        }
      }
    },
    "requirements": [
        ["7","8"]
    ]
  }