{
    "parent": "izzy_vault:soul/ascension_forge",
    "display": {
      "icon": {
        "item": "the_vault:title_scroll"
      },
      "title": {"text": "Henceforth I shall be known as"},
      "description": {"text": "Obtain a Title Scroll"},
      "hidden": true,
      "frame": "goal"
    },
    "criteria": {
      "craft_item": {
        "trigger": "minecraft:inventory_changed",
        "conditions": {
          "items": [
            {
              "items": [
                "the_vault:title_scroll"
              ]
            }
          ]
        }
      }
    }
  }