{
    "parent": "izzy_vault:catalyst/infused_catalyst",
    "display": {
      "icon": {
        "item": "the_vault:vault_catalyst_chaos"
      },
      "title": {"text": "Thriving in the Madness"},
      "description": {"text": "Find a Chaos Vault Rock"}
    },
    "criteria": {
      "craft_item": {
        "trigger": "minecraft:inventory_changed",
        "conditions": {
          "items": [
            {
              "items": [
                "the_vault:vault_catalyst_chaos"
              ]
            }
          ]
        }
      }
    }
  }