{
    "parent": "izzy_vault:catalyst/eye_of_avarice",
    "display": {
      "icon": {
        "item": "the_vault:phoenix_feather"
      },
      "title": {"text": "Life Insurance"},
      "description": {"text": "Find yourself a Phoenix Capstone"}
    },
    "criteria": {
      "craft_item": {
        "trigger": "minecraft:inventory_changed",
        "conditions": {
          "items": [
            {
              "items": [
                "the_vault:phoenix_feather"
              ]
            }
          ]
        }
      }
    }
  }