{
    "parent": "izzy_vault:catalyst/dungeon_capstone",
    "display": {
      "icon": {
        "item": "the_vault:capstone_treasure_hunter"
      },
      "title": {"text": "Hunting for the very best"},
      "description": {"text": "Find yourself a Treasure Capstone"}
    },
    "criteria": {
      "craft_item": {
        "trigger": "minecraft:inventory_changed",
        "conditions": {
          "items": [
            {
              "items": [
                "the_vault:capstone_treasure_hunter"
              ]
            }
          ]
        }
      }
    }
  }