{
    "parent": "izzy_vault:blocks/crystal_workbench",
    "display": {
      "icon": {
        "item": "the_vault:crystal_seal_empty"
      },
      "title": {"text": "A Seal of Approval"},
      "description": {"text": "Find a Blank Seal"}
    },
    "criteria": {
      "craft_item": {
        "trigger": "minecraft:inventory_changed",
        "conditions": {
          "items": [
            {
              "items": [
                "the_vault:crystal_seal_empty"
              ]
            }
          ]
        }
      }
    }
  }