{
    "parent": "izzy_vault:objectives/leave_cake_vault",
    "display": {
      "icon": {
        "item": "the_vault:vault_crate_cake"
      },
      "title": {"text": "Delicious Loot"},
      "description": ["",{"text": "Cutting it open shows sponge cake","italic": true},{"text": "\nOpen a Cake Crake after Completing a Cake Vault"}],
      "frame": "challenge",
      "hidden": true
    },
    "criteria": {
      "crake_place": {
        "trigger": "minecraft:placed_block",
        "conditions": {
          "block": "the_vault:vault_crate_cake"
        }
      },
      "crake_touch": {
        "trigger": "minecraft:item_used_on_block",
          "conditions": {
            "location": {
              "block": {
                "blocks": [
                  "the_vault:crake_pedestal"
                ]
              }
            }
          }
      }
    },
    "requirements": [
        ["crake_place"],
        ["crake_touch"]
    ]
  }