{
    "parent": "izzy_vault:objectives/blank_seal",
    "display": {
      "icon": {
        "item": "the_vault:crystal_seal_sage"
      },
      "title": {"text": "Glorb Glorb Glorb"},
      "description": {"text": "Create yourself a Seal of the Sage"}
    },
    "criteria": {
      "craft_item": {
        "trigger": "minecraft:inventory_changed",
        "conditions": {
          "items": [
            {
              "items": [
                "the_vault:crystal_seal_sage"
              ]
            }
          ]
        }
      }
    }
  }