{
    "parent": "izzy_vault:objectives/lodestone",
    "display": {
      "icon": {
        "item": "the_vault:vault_crate_elixir"
      },
      "title": {"text": "Glorbious Loot"},
      "description": ["",{"text": "It's leaking something purple","italic": true},{"text": "\nOpen an Elixir Crate after Completing an Elixir Vault"}],
      "frame": "challenge",
      "hidden": true
    },
    "criteria": {
      "elixir_place": {
        "trigger": "minecraft:placed_block",
        "conditions": {
          "block": "the_vault:vault_crate_elixir"
        }
      },
      "elixir_open": {
        "trigger": "minecraft:item_used_on_block",
        "conditions": {
          "location": {
            "block": {
              "blocks": [
                "the_vault:vault_crate_elixir"
              ]
            }
          }
        }
      },
      "lodestone_touch": {
        "trigger": "minecraft:item_used_on_block",
        "conditions": {
          "location": {
            "block": {
              "blocks": [
                "the_vault:lodestone"
              ]
            }
          }
        }
      }
    },
    "requirements": [
        ["elixir_place"],
        ["elixir_open"],
        ["lodestone_touch"]
    ]
  }