{
    "parent": "izzy_vault:objectives/obelisk",
    "display": {
      "icon": {
        "item": "the_vault:vault_crate"
      },
      "title": {"text": "Slaying Loot"},
      "description": ["",{"text": "It's bleeding?","italic": true},{"text": "\nOpen a Boss Crate after Completing a Hunt the Guardians Vault"}],
      "frame": "challenge",
      "hidden": true
    },
    "criteria": {
      "crake_place": {
        "trigger": "minecraft:placed_block",
        "conditions": {
          "block": "the_vault:vault_crate"
        }
      },
      "obelisk": {
        "trigger": "minecraft:item_used_on_block",
        "conditions": {
          "location": {
            "block": {
              "blocks": [
                "the_vault:obelisk"
              ]
            }
          }
        }
      }
    },
    "requirements": [
        ["crake_place"],
        ["obelisk"]
    ]
  }