{
    "parent": "izzy_vault:objectives/paradox_run",
    "display": {
      "icon": {
        "item": "the_vault:divine_altar"
      },
      "title": {"text": "Bless this Vault"},
      "description": {"text": "Hand in a God Blessing to a Divine Altar"},
      "frame": "goal"
    },
    "criteria": {
      "tenos": {
        "trigger": "minecraft:item_used_on_block",
        "conditions": {
            "item": {
              "items": [
                "the_vault:god_blessing"
              ],
              "nbt": "{type:'tenos'}"
            },
            "location": {
              "block": {
                "blocks": [
                  "the_vault:divine_altar"
                ],
                "state": {
                  "god": "tenos"
                }
              }
            }
        }
      },
      "wendarr": {
        "trigger": "minecraft:item_used_on_block",
        "conditions": {
            "item": {
              "items": [
                "the_vault:god_blessing"
              ],
              "nbt": "{type:'wendarr'}"
            },
            "location": {
              "block": {
                "blocks": [
                  "the_vault:divine_altar"
                ],
                "state": {
                  "god": "wendarr"
                }
              }
            }
        }
      },
      "velara": {
        "trigger": "minecraft:item_used_on_block",
        "conditions": {
            "item": {
              "items": [
                "the_vault:god_blessing"
              ],
              "nbt": "{type:'velara'}"
            },
            "location": {
              "block": {
                "blocks": [
                  "the_vault:divine_altar"
                ],
                "state": {
                  "god": "velara"
                }
              }
            }
        }
      },
      "idona": {
        "trigger": "minecraft:item_used_on_block",
        "conditions": {
            "item": {
              "items": [
                "the_vault:god_blessing"
              ],
              "nbt": "{type:'idona'}"
            },
            "location": {
              "block": {
                "blocks": [
                  "the_vault:divine_altar"
                ],
                "state": {
                  "god": "idona"
                }
              }
            }
        }
      }
    },
    "requirements": [
        ["idona","wendarr","velara","tenos"]
    ]
}