{
    "parent": "izzy_vault:gems/gemstone",
    "display": {
      "icon": {
        "item": "the_vault:silver_scrap"
      },
      "title": {"text": "Shiny Scraps"},
      "description": {"text": "Find some Silver Scrap"},
      "announce_to_chat": false
    },
    "criteria": {
      "craft_item": {
        "trigger": "minecraft:inventory_changed",
        "conditions": {
          "items": [
            {
              "items": [
                "the_vault:silver_scrap"
              ]
            }
          ]
        }
      }
    }
  }