{
    "parent": "izzy_vault:materials/vault_ingot",
    "display": {
      "icon": {
        "item": "the_vault:vault_alloy"
      },
      "title": {"text": "Time to Stockpile"},
      "description": {"text": "Create a Vault Alloy"}
    },
    "criteria": {
      "craft_item": {
        "trigger": "minecraft:inventory_changed",
        "conditions": {
          "items": [
            {
              "items": [
                "the_vault:vault_alloy"
              ]
            }
          ]
        }
      }
    }
  }