{
    "parent": "izzy_vault:chests/living_chest",
    "display": {
      "icon": {
        "item": "the_vault:altar_chest_placeable"
      },
      "title": {"text": "A Chest Fit for Gods"},
      "description": {"text": "Find a Altar Vault Chest"}
    },
    "criteria": {
      "craft_item": {
        "trigger": "minecraft:inventory_changed",
        "conditions": {
          "items": [
            {
              "items": [
                "the_vault:altar_chest_placeable"
              ]
            }
          ]
        }
      }
    }
  }