{
    "parent": "izzy_vault:items/regret_orb",
    "display": {
      "icon": {
        "item": "the_vault:neuralizer"
      },
      "title": {"text": "Look Directly at the Light"},
      "description": {"text": "Create yourself a Neuralizer"},
      "frame": "goal"
    },
    "criteria": {
      "craft_item": {
        "trigger": "minecraft:inventory_changed",
        "conditions": {
          "items": [
            {
              "items": [
                "the_vault:neuralizer"
              ]
            }
          ]
        }
      }
    }
  }