{
    "parent": "izzy_vault:the_vault",
    "display": {
      "icon": {
        "item": "the_vault:old_notes"
      },
      "title": {"text": "Notes that are Old"},
      "description": ["",{"text": "These are indeed old","italic": true},{"text": "\nFind some Old Notes"}],
      "frame": "challenge"
    },
    "criteria": {
      "craft_item": {
        "trigger": "minecraft:inventory_changed",
        "conditions": {
          "items": [
            {
              "items": [
                "the_vault:old_notes"
              ]
            }
          ]
        }
      }
    }
  }