{
    "parent": "izzy_vault:items/bounty_pearl",
    "display": {
      "icon": {
        "item": "the_vault:plunderer_pearl"
      },
      "title": {"text": "Making your own Plundering Bounty"},
      "description": {"text": "Create yourself a Plunderer's Vault Rock"},
      "frame": "goal"
    },
    "criteria": {
      "craft_item": {
        "trigger": "minecraft:inventory_changed",
        "conditions": {
          "items": [
            {
              "items": [
                "the_vault:plunderer_pearl"
              ]
            }
          ]
        }
      }
    }
  }