{
    "parent": "izzy_vault:blocks/altar",
    "display": {
      "icon": {
        "item": "the_vault:majestic_charm"
      },
      "title": {"text": "Pledging to the Gods"},
      "description": {"text": "Obtain a Charm of any variety"},
      "frame": "goal"
    },
    "criteria": {
      "wendarr": {
        "trigger": "minecraft:inventory_changed",
        "conditions": {
          "items": [
            {
                "items": [
                    "the_vault:small_charm"
                ]
            }
          ]
        }
      },
      "velara": {
        "trigger": "minecraft:inventory_changed",
        "conditions": {
          "items": [
            {
                "items": [
                    "the_vault:large_charm"
                ]
            }
          ]
        }
      },
      "tenos": {
        "trigger": "minecraft:inventory_changed",
        "conditions": {
          "items": [
            {
                "items": [
                    "the_vault:grand_charm"
                ]
            }
          ]
        }
      },
      "idona": {
        "trigger": "minecraft:inventory_changed",
        "conditions": {
          "items": [
            {
                "items": [
                    "the_vault:majestic_charm"
                ]
            }
          ]
        }
      }
    },
    "requirements": [
        ["wendarr","velara","tenos","idona"]
    ]
  }