{
    "parent": "izzy_vault:the_vault",
    "display": {
      "icon": {
        "item": "the_vault:vault_doll"
      },
      "title": {"text": "ITS SO CUTE AND SQUISHY"},
      "description": ["",{"text":"And I want to keep it forever","color":"dark_aqua","italic":true},{"text":"\nCreate a Vault Doll"}],
      "hidden": true
    },
    "criteria": {
      "craft_item": {
        "trigger": "minecraft:inventory_changed",
        "conditions": {
          "items": [
            {
              "items": [
                "the_vault:vault_doll"
              ]
            }
          ]
        }
      }
    }
  }